{"cameraMode":{"drawMode":0,"name":"Shaded","section":"Shading Mode"},"sceneLighting":true,"audioPlay":false,"sceneViewState":{"m_AlwaysRefresh":false,"showFog":true,"showSkybox":true,"showFlares":true,"showImageEffects":true,"showParticleSystems":true,"showVisualEffectGraphs":true,"m_FxEnabled":true},"in2DMode":false,"pivot":{"x":0.41999998688697817,"y":0.9108083844184876,"z":-8.859902381896973},"rotation":{"x":0.11736021935939789,"y":0.13866685330867768,"z":0.01653222367167473,"w":-0.9832913279533386},"size":0.6400389075279236,"orthographic":false}